UserID,profile pic,No Of Abuse Report,posts,No Of Rejected Friend Requests,No Of Freind Requests Thar Are Not Accepted,No Of Friends,follows,No Of Followers,No Of Likes To Unknown Account,No Of Comments Per Day,Fake Or Not Category
1,1,37,32,415,204,290,955,838,26,53,1
2,1,63,286,383,542,652,533,349,37,58,1
3,1,10,13,151,244,863,98,271,73,11,1
4,1,83,679,54,604,496,651,937,37,55,1
5,1,47,6,834,326,401,126,928,80,78,1
6,1,14,344,585,199,592,150,420,9,95,0
7,1,74,16,452,168,846,177,392,36,19,1
8,1,1,33,166,994,945,76,165,46,85,0
9,1,69,72,247,51,568,2713,245,1,9,1
10,1,77,213,792,872,998,813,306,56,52,1
11,1,76,648,855,371,332,1173,585,42,1,1
12,1,24,76,656,673,353,365,816,88,15,1
13,1,59,298,312,876,708,583,122,23,54,1
14,1,93,117,511,890,943,248,481,15,29,1
15,1,25,487,289,803,85,2701,836,21,37,0
16,1,6,254,960,809,45,900,388,65,72,1
17,1,76,59,528,543,661,289,25,89,99,1
18,1,53,1570,447,759,780,694,285,33,96,1
19,1,12,378,834,936,449,1878,287,35,3,0
20,1,40,526,502,579,808,776,258,35,7,1
21,1,84,228,62,356,662,999,577,10,18,1
22,1,88,35,130,136,369,416,196,66,9,1
23,1,26,281,470,678,83,470,109,47,14,0
24,1,62,285,15,928,471,956,585,57,14,1
25,1,50,148,57,103,697,61,950,19,12,1
26,1,78,57,520,27,233,179,25,60,11,1
27,1,46,17,270,506,606,665,262,83,55,1
28,1,70,511,318,288,458,176,205,2,36,1
29,1,56,230,58,50,849,130,911,54,92,1
30,1,5,15,225,305,387,174,449,25,14,0
31,1,67,980,316,631,573,1517,939,52,36,1
32,1,64,53,974,163,271,952,396,47,98,1
33,1,75,111,165,278,462,170,542,36,75,1
34,1,89,719,909,762,569,967,223,30,26,1
35,1,19,1164,543,387,488,674,578,3,70,0
36,1,4,497,561,171,101,2703,165,20,59,0
37,1,47,18,492,918,115,328,302,37,24,1
38,1,14,50,885,374,952,680,756,69,1,1
39,1,2,74,625,897,985,112,743,17,36,0
40,1,64,8,197,239,853,98,84,60,3,1
41,1,99,7389,885,116,709,11,735,94,11,1
42,1,37,420,667,414,533,583,340,97,98,1
43,1,74,433,953,670,120,1359,150,64,77,1
44,1,92,156,361,180,458,16,385,45,77,1
45,1,55,4494,714,447,823,8,578,75,52,1
46,1,84,751,549,425,726,0,975,54,68,1
47,1,40,4,839,77,194,183,357,75,97,1
48,1,16,27,1000,558,834,208,939,57,89,1
49,1,51,91,865,59,806,546,313,11,67,1
50,1,28,262,624,643,742,666,427,42,53,0
51,1,36,274,620,992,776,461,726,17,58,1
52,1,63,271,27,390,447,1109,711,25,41,1
53,1,49,713,183,964,546,432,950,14,72,1
54,1,21,200,694,749,868,761,502,46,55,0
55,1,32,12,872,256,167,376,905,34,83,1
56,1,89,26,912,106,256,261,358,7,25,1
57,1,89,75,258,517,548,643,86,71,87,1
58,1,5,94,893,88,639,283,178,44,50,0
59,1,17,63,169,965,960,598,751,52,43,1
60,1,100,69,165,913,989,228,258,91,25,1
61,1,28,12,44,906,34,97,501,81,66,1
62,1,2,63,968,490,49,447,71,49,37,0
63,1,99,19,109,844,598,100,368,37,21,1
64,1,52,100,716,852,416,151,38,75,29,1
65,1,45,661,127,85,530,528,448,90,59,1
66,1,51,149,681,236,476,1882,610,88,2,1
67,1,13,22,672,39,862,266,164,34,55,0
68,1,34,400,871,239,837,744,511,73,50,1
69,1,14,149,838,173,550,1255,896,58,30,1
70,1,92,122,63,173,518,639,378,40,97,1
71,1,32,74,602,127,626,452,798,26,1,1
72,1,97,13,341,686,26,568,83,13,65,1
73,1,89,8,196,968,655,163,600,40,72,1
74,1,8,77,610,584,607,362,847,50,72,0
75,1,7,5,902,836,264,324,843,59,7,1
76,1,61,3,879,65,174,37,882,99,78,1
77,1,34,106,412,868,507,998,614,54,48,1
78,1,44,14,597,89,847,245,488,12,26,1
79,1,6,172,989,31,186,288,435,100,40,1
80,1,34,111,857,510,883,675,981,53,1,1
81,1,56,38,846,53,380,256,888,78,73,1
82,1,9,19,656,870,877,395,239,87,10,1
83,1,44,227,48,289,90,360,116,98,71,1
84,1,10,221,305,870,978,629,854,46,15,0
85,1,91,580,281,986,597,526,693,74,64,1
86,1,90,40,95,875,128,489,371,65,82,1
87,1,79,101,874,901,312,1440,782,12,90,1
88,1,68,157,966,65,419,899,507,68,76,1
89,1,5,197,338,794,521,1713,634,19,50,0
90,1,2,61,176,322,271,899,198,25,24,0
91,1,23,698,393,718,603,1410,456,80,13,1
92,1,73,49,374,524,256,1925,982,65,97,1
93,1,23,85,352,272,960,748,955,28,29,0
94,1,53,77,678,689,876,469,607,53,42,1
95,1,49,58,524,483,739,1074,308,51,63,1
96,1,36,232,36,379,150,935,584,26,76,1
97,1,62,20,421,596,41,599,191,69,86,1
98,1,82,98,892,843,371,418,184,31,81,1
99,1,66,559,292,283,897,999,143,53,43,1
100,1,96,189,674,991,747,438,471,10,9,1
101,1,4,388,661,478,951,413,288,69,66,1
102,1,9,28,975,839,719,55,782,31,100,0
103,1,70,156,579,80,412,222,271,59,40,1
104,1,48,6,626,244,899,20,75,99,15,1
105,1,13,69,496,557,664,173,493,24,15,0
106,1,5,775,898,160,367,591,380,99,97,1
107,1,51,205,771,291,974,638,695,39,13,1
108,1,42,209,12,806,252,589,304,44,14,1
109,1,31,334,534,619,161,390,263,78,98,1
110,1,15,9,372,437,38,75,907,20,25,0
111,1,54,6,172,517,467,1155,108,42,18,1
112,1,32,416,170,193,916,1854,303,31,2,1
113,1,51,13,154,376,379,208,549,100,36,1
114,1,27,33,129,999,625,164,917,60,37,1
115,1,36,1,384,87,269,333,530,47,32,1
116,1,69,711,29,398,423,4659,185,26,9,1
117,1,56,114,571,186,570,1093,917,45,80,1
118,1,20,16,985,647,410,413,35,80,47,1
119,1,25,107,380,883,665,2047,946,75,94,1
120,1,35,5,410,577,677,438,533,39,4,1
121,1,52,7,422,394,329,132,5,15,6,1
122,1,20,21,573,680,844,413,189,75,88,1
123,1,56,65,354,949,829,689,310,31,7,1
124,1,90,10,194,110,706,164,272,25,43,1
125,1,6,59,695,753,807,178,630,28,68,0
126,1,19,137,308,704,523,1142,453,50,57,0
127,1,55,10,662,109,492,209,333,45,59,1
128,1,95,571,637,201,783,424,268,68,46,1
129,1,38,24,136,884,579,80,376,61,34,1
130,1,25,328,537,741,927,719,174,63,44,1
131,1,93,161,243,983,742,7500,922,82,13,1
132,1,52,280,582,468,803,703,255,64,31,1
133,1,26,92,863,168,713,3296,387,46,21,0
134,1,35,31,979,880,717,270,51,42,50,1
135,1,39,0,394,421,677,65,769,49,4,1
136,1,30,25,13,355,129,610,974,7,39,0
137,1,58,921,228,302,785,7202,618,45,54,1
138,1,67,1020,295,476,226,1039,88,17,68,1
139,1,10,301,466,132,745,524,442,14,92,0
140,1,11,9,926,332,270,138,468,13,60,0
141,1,22,158,461,330,677,806,720,46,83,0
142,1,7,43,747,359,264,503,159,59,85,1
143,1,4,24,794,234,75,1208,430,78,59,1
144,1,72,60,629,214,749,802,303,18,26,1
145,1,11,4,10,644,818,111,9,1,9,0
146,1,38,220,740,175,292,475,298,88,45,1
147,1,26,1159,391,98,723,1061,581,83,79,1
148,1,66,8,321,711,649,305,297,7,44,1
149,1,81,396,915,952,306,375,885,41,88,1
150,1,76,38,169,450,265,72,328,47,71,1
151,1,20,1,135,312,853,371,812,7,89,0
152,1,99,2,454,709,612,633,759,100,13,1
153,1,65,43,485,110,240,1016,908,84,3,1
154,1,23,131,959,413,839,1065,138,5,4,0
155,1,78,7,665,406,288,7399,452,12,100,1
156,1,31,57,12,460,297,1216,855,28,29,1
157,1,46,36,388,80,984,2928,340,39,73,1
158,1,60,91,601,596,75,635,439,72,43,1
159,1,28,8,636,847,632,417,495,9,78,0
160,1,73,11,77,489,788,101,286,40,87,1
161,1,96,252,313,954,453,383,604,54,50,1
162,1,79,15,495,820,26,489,814,21,27,1
163,1,68,74,417,747,601,96,71,80,34,1
164,1,87,83,538,673,985,535,584,50,77,1
165,1,80,126,76,598,857,399,322,88,54,1
166,1,47,663,386,821,613,3,35,36,64,1
167,1,21,0,286,133,571,446,162,44,87,0
168,1,74,10,538,867,860,387,887,9,52,1
169,1,72,8,693,412,219,1196,585,8,16,1
170,1,51,24,880,975,683,1364,661,54,93,1
171,1,5,65,975,708,340,232,377,73,98,1
172,1,3,64,767,280,894,261,223,61,34,1
173,1,49,664,885,131,814,1159,165,37,18,1
174,1,40,130,153,654,936,4664,197,80,55,1
175,0,97,131,147,445,75,1060,153,77,70,1
176,1,43,917,419,151,956,3932,652,72,64,1
177,1,82,2,729,302,556,280,342,11,3,1
178,1,79,142,785,53,660,529,539,11,50,1
179,1,76,165,975,496,211,455,581,47,25,1
180,1,92,80,677,714,274,407,107,3,31,1
181,1,58,32,452,545,214,278,442,97,92,1
182,1,14,81,768,380,41,127,844,37,81,0
183,1,59,334,119,217,76,111,316,33,57,1
184,1,32,8,481,395,711,456,65,92,43,1
185,1,76,373,898,650,371,363,744,2,84,1
186,1,18,56,757,226,16,360,240,64,29,1
187,1,77,7,181,148,958,311,655,33,22,1
188,1,93,12,332,717,520,364,665,79,5,1
189,1,14,5,657,677,738,176,715,64,96,1
190,1,22,77,344,498,854,172,739,44,22,0
191,1,23,93,925,437,876,149,516,16,60,0
192,1,80,192,278,824,601,76,477,73,26,1
193,1,32,8,534,810,499,1223,267,46,52,1
194,1,21,145,462,815,769,529,324,28,63,0
195,1,50,135,281,461,595,905,810,55,59,1
196,1,46,18,913,596,799,523,674,96,77,1
197,1,53,222,205,670,453,652,346,13,20,1
198,1,55,222,614,581,437,652,835,11,51,1
199,1,79,5,940,135,857,238,514,81,57,1
200,1,1,119,741,431,280,502,591,52,64,1
201,1,60,201,854,661,964,754,407,1,40,1
202,1,61,12,375,890,420,373,341,84,77,1
203,1,47,301,336,747,264,351,429,9,41,1
204,1,79,20,329,76,425,133,169,61,21,1
205,1,2,112,640,435,289,32,742,91,97,1
206,1,64,54,865,63,356,1371,347,26,2,1
207,1,52,98,156,842,389,996,705,62,53,1
208,1,99,16,682,64,756,544,787,28,20,1
209,1,23,133,317,393,883,517,381,67,51,1
210,1,68,142,546,586,1000,396,240,98,28,1
211,1,50,63,7,796,731,292,923,96,26,1
212,1,72,70,584,44,336,463,195,64,61,1
213,1,5,403,674,246,69,345,583,65,35,1
214,1,98,15,219,203,767,584,719,1,95,1
215,1,53,990,117,677,967,1000,290,23,58,1
216,1,62,12,339,989,688,67,441,81,17,1
217,1,47,26,458,646,10,157,457,43,66,1
218,1,98,2,800,114,72,716,541,65,75,1
219,1,50,24,235,757,646,272,367,13,16,1
220,1,61,411,261,698,620,414,809,74,29,1
221,1,59,217,328,105,526,292,115,27,89,1
222,1,10,156,531,425,958,164,449,71,56,1
223,1,36,389,619,515,82,748,266,67,73,1
224,1,47,8,483,497,269,335,515,64,20,1
225,1,96,3,888,334,753,177,305,55,85,1
226,1,83,22,40,855,445,331,880,5,89,1
227,1,71,59,774,792,658,124,791,10,91,1
228,1,95,144,708,857,374,271,314,9,73,1
229,1,20,2,280,329,146,268,998,5,44,0
230,1,32,78,531,800,195,582,767,11,71,1
231,1,26,28,353,107,160,333,987,94,100,1
232,1,24,111,133,571,644,701,622,9,92,0
233,1,69,6,308,41,698,237,378,88,43,1
234,1,13,4,204,321,977,3678,866,74,50,1
235,1,37,31,131,783,641,321,388,5,6,1
236,1,22,86,818,504,946,1486,564,24,66,0
237,1,70,240,85,400,943,917,995,79,17,1
238,1,84,11,880,742,274,178,454,58,61,1
239,1,34,44,501,714,527,673,729,79,26,1
240,1,55,9,18,118,246,121,361,63,75,1
241,1,22,62,558,402,149,653,980,59,70,1
242,1,55,0,235,175,508,50,381,35,85,1
243,1,31,15,15,190,783,107,348,62,43,1
244,1,38,53,103,990,567,395,968,57,75,1
245,1,98,2,635,414,27,13,206,60,83,1
246,1,64,52,873,267,14,3164,226,52,23,1
247,1,37,1,256,513,871,15,55,68,53,1
248,1,93,62,792,271,232,569,297,23,91,1
249,1,6,247,649,718,511,137,238,65,7,1
250,1,28,9,354,479,689,488,499,25,89,0
251,1,5,13,500,436,693,372,347,62,72,1
252,1,43,204,882,819,844,61,935,81,100,1
253,1,22,0,73,550,232,77,970,44,99,0
254,1,2,51,408,395,538,430,77,85,36,1
255,1,64,15,435,434,292,333,929,94,50,1
256,1,83,108,795,536,113,545,194,62,69,1
257,1,86,353,312,980,9,2187,936,81,86,1
258,1,1,5,327,710,421,87,923,70,78,1
259,1,44,560,835,125,29,53,981,51,87,1
260,1,69,85,96,251,411,609,56,12,79,1
261,1,9,95,708,592,969,555,106,38,62,0
262,1,36,14,991,827,813,387,223,68,70,1
263,1,76,52,318,21,120,555,545,27,25,1
264,1,10,7,982,870,767,345,844,23,89,0
265,1,34,197,537,562,89,1072,90,25,49,1
266,1,67,89,728,645,24,618,55,89,20,1
267,1,22,34,608,896,793,300,727,4,58,0
268,1,2,283,846,458,321,426,342,51,14,1
269,1,81,65,405,142,629,1631,930,82,96,1
270,1,5,126,737,42,46,370,205,54,25,1
271,1,3,327,665,630,379,1002,31,10,65,0
272,1,27,42,907,699,869,488,571,16,74,0
273,1,20,36,340,199,520,52,728,25,87,0
274,1,5,3,992,539,806,119,979,12,92,0
275,1,22,53,404,18,249,462,501,36,74,0
276,1,93,7,518,203,494,346,465,45,14,1
277,1,100,103,37,214,922,7500,862,51,2,1
278,1,79,241,825,217,906,1200,656,54,93,1
279,1,57,103,85,440,697,264,985,26,42,1
280,1,50,93,418,534,411,694,230,77,54,1
281,1,48,1,223,313,895,34,606,45,89,1
282,0,30,16,247,897,276,323,346,94,73,1
283,1,60,32,798,542,29,81,657,62,49,1
284,1,30,1232,334,113,959,1213,60,14,23,0
285,1,13,75,210,275,900,294,645,31,100,0
286,1,66,5,941,359,764,408,457,83,47,1
287,1,75,3,356,300,45,22,763,53,60,1
288,1,77,30,482,618,290,114,887,95,83,1
289,0,57,0,163,837,420,333,555,17,18,1
290,0,61,0,49,372,293,31,94,1,92,1
291,0,88,2,361,316,474,445,847,35,5,1
292,1,84,3,355,106,421,80,453,19,29,1
293,1,67,13,666,17,797,309,491,38,4,1
294,0,15,0,401,312,208,64,667,47,17,0
295,0,42,1,614,89,751,11,377,58,73,1
296,0,5,0,655,542,567,853,259,5,9,0
297,1,1,10,283,611,605,23,913,25,76,0
298,0,27,0,44,237,422,5,555,40,36,0
299,0,94,0,520,993,933,18,375,65,61,1
300,0,24,0,748,441,491,34,439,66,9,1
301,0,98,0,620,161,255,8,668,70,65,1
302,0,43,0,324,955,995,0,815,91,23,1
303,0,62,0,391,511,101,213,370,1,26,1
304,0,66,0,790,355,957,10,892,2,69,1
305,0,21,5,393,175,92,58,818,34,87,0
306,1,6,0,408,324,773,77,448,9,44,0
307,0,4,0,421,139,596,37,676,61,56,1
308,1,74,0,734,218,204,10,293,53,42,1
309,0,84,0,236,991,839,4,796,3,44,1
310,0,15,141,763,203,276,279,319,92,32,1
311,0,39,6,671,458,820,15,518,58,45,1
312,1,30,1,862,552,956,44,820,51,54,1
313,0,19,0,327,27,299,17,863,9,27,0
314,0,69,1,803,112,261,42,263,96,13,1
315,1,5,39,959,321,241,60,729,74,92,1
316,0,91,0,45,928,717,6,738,84,39,1
317,0,73,9,514,464,778,215,207,37,46,1
318,0,46,0,300,646,54,126,769,5,45,1
319,1,96,21,660,706,991,48,743,42,31,1
320,0,97,0,828,240,72,802,636,83,13,1
321,0,39,0,197,908,850,46,274,13,32,1
322,0,22,0,164,217,28,601,29,71,36,1
323,1,10,3,777,824,986,168,473,65,2,1
324,0,36,0,208,423,82,689,875,51,23,1
325,0,2,0,2,195,249,230,705,6,54,0
326,0,50,0,315,785,523,15,41,69,52,1
327,0,95,0,438,761,938,49,385,60,36,1
328,0,9,0,783,319,453,236,848,69,94,1
329,0,37,6,742,811,471,52,870,31,96,1
330,0,56,0,723,106,345,35,775,90,82,1
331,0,34,0,390,211,732,44,953,46,95,1
332,1,68,1,14,600,306,767,753,78,15,1
333,1,83,4,744,298,642,37,345,61,74,1
334,1,96,0,811,768,752,79,152,69,1,1
335,0,40,0,528,398,898,91,544,29,59,1
336,1,16,0,501,29,5,41,477,11,23,0
337,1,75,0,775,643,837,3,723,29,77,1
338,1,78,0,248,421,895,229,722,62,53,1
339,1,79,17,824,21,192,1165,842,56,16,1
340,0,90,0,91,280,885,0,965,20,17,1
341,0,48,1,65,550,229,1,435,29,99,1
342,0,96,0,394,430,509,30,51,96,73,1
343,1,57,7,823,660,284,244,820,48,22,1
344,0,69,13,818,219,418,935,790,92,86,1
345,0,7,0,154,883,904,167,684,25,12,0
346,0,5,0,1000,824,18,0,458,3,53,0
347,1,97,0,118,232,815,86,216,10,90,1
348,1,96,5,9,186,398,129,154,9,33,1
349,1,72,124,243,209,383,305,395,36,7,1
350,1,88,9,695,502,557,48,887,44,91,1
351,0,49,5,638,448,93,47,321,28,42,1
352,0,18,2,807,806,58,179,113,51,4,1
353,0,49,0,122,872,307,41,286,22,40,1
354,1,31,150,328,371,456,750,516,60,43,1
355,1,67,29,773,941,45,39,327,72,11,1
356,1,26,108,538,61,938,3646,111,4,88,0
357,1,27,77,807,837,976,35,762,98,26,1
358,1,96,3,797,52,257,170,819,5,66,1
359,1,91,7,799,539,105,333,985,1,35,1
360,1,48,3,221,313,595,694,309,86,20,1
361,1,27,131,120,222,16,1124,527,60,12,1
362,1,65,40,643,672,45,155,94,58,57,1
363,1,26,4,593,998,784,106,770,19,10,0
364,1,11,84,529,917,59,171,879,29,4,0
365,1,69,299,732,197,921,108,596,19,9,1
366,0,92,11,24,382,525,26,474,49,54,1
367,1,27,0,401,352,94,13,287,100,99,1
368,0,42,0,838,725,62,68,925,26,73,1
369,1,27,1,19,992,688,44,621,67,20,1
370,1,29,4,970,675,560,151,657,95,45,1
371,1,25,0,90,871,792,37,801,86,83,1
372,0,56,0,888,375,205,139,944,51,49,1
373,0,72,0,167,158,753,28,297,36,91,1
374,1,64,3,772,889,197,38,70,85,45,1
375,0,11,0,440,818,541,60,602,75,8,1
376,0,29,0,709,363,404,69,303,6,34,0
377,0,65,0,83,536,385,6,990,17,32,1
378,0,11,0,689,139,224,319,33,38,19,0
379,0,35,0,504,273,385,29,305,40,47,1
380,1,4,1,810,653,331,420,846,87,96,1
381,1,24,7,631,221,719,87,852,52,100,1
382,0,33,3,952,149,561,733,689,33,47,1
383,1,81,0,592,839,675,121,33,75,20,1
384,1,16,0,814,81,881,45,877,100,24,1
385,0,28,5,768,152,86,249,152,86,11,1
386,0,44,0,889,212,707,56,767,53,46,1
387,1,81,1,548,333,168,16,124,80,87,1
388,0,97,0,949,271,660,46,360,48,76,1
389,1,22,12,838,363,901,45,650,51,17,1
390,0,5,0,783,121,91,25,815,20,44,0
391,0,42,0,37,528,447,71,10,89,12,1
392,0,70,0,670,601,889,0,394,62,21,1
393,1,64,1,444,407,406,104,443,65,2,1
394,1,64,92,22,897,321,31,909,70,31,1
395,0,5,0,245,485,420,99,666,71,14,1
396,0,57,0,836,329,756,157,842,99,3,1
397,0,10,0,902,305,762,64,702,70,80,1
398,0,56,0,682,965,307,40,417,8,67,1
399,1,9,21,490,220,828,1762,127,11,56,0
400,1,59,7,108,469,989,82,380,56,28,1
401,0,30,9,945,331,466,2980,387,36,98,0
402,0,84,0,560,816,743,63,145,22,36,1
403,1,84,14,155,434,316,500,51,45,45,1
404,0,76,0,788,961,265,177,372,63,93,1
405,0,92,0,997,195,19,130,770,19,94,1
406,0,47,3,784,971,522,135,524,34,1,1
407,1,16,0,161,400,617,192,670,85,26,1
408,0,17,0,73,763,216,36,92,69,40,1
409,0,84,1,578,155,4,2,818,25,49,1
410,0,27,1,616,300,740,181,729,53,11,1
411,0,81,0,124,540,237,71,146,38,48,1
412,0,1,1,958,672,405,8,125,72,36,1
413,1,47,0,419,122,460,167,191,74,8,1
414,0,44,1,873,270,281,22,454,30,31,1
415,1,53,28,847,20,445,208,730,77,99,1
416,1,100,0,247,790,617,146,817,57,70,1
417,1,82,25,754,290,752,64,965,74,25,1
418,1,76,0,954,418,827,8,658,37,37,1
419,1,6,0,546,411,127,92,244,18,43,0
420,1,68,111,580,592,234,4118,399,62,38,1
421,0,68,2,31,672,731,392,845,20,19,1
422,1,12,0,789,416,59,221,543,58,49,1
423,0,51,0,919,325,51,40,29,47,6,1
424,0,72,0,309,605,23,82,816,39,51,1
425,0,28,0,858,724,89,25,138,22,11,0
426,0,75,0,591,925,881,44,848,28,27,1
427,1,81,5,219,531,493,227,806,62,1,1
428,1,21,10,408,416,74,304,618,21,89,0
429,0,77,3,22,522,267,123,968,45,21,1
430,0,78,19,196,66,78,8,687,60,96,1
431,0,32,0,879,587,432,87,122,55,44,1
432,0,45,0,648,60,42,11,572,67,22,1
433,1,55,8,670,312,888,66,173,1,28,1
434,0,77,2,465,358,650,303,639,37,67,1
435,1,90,10,212,34,543,90,705,4,20,1
436,1,84,29,575,715,974,336,449,64,58,1
437,0,58,0,877,735,632,49,448,52,50,1
438,0,92,0,944,882,478,88,997,14,100,1
439,1,33,2,400,108,47,136,898,69,16,1
440,1,75,3,194,57,774,151,973,60,39,1
441,1,86,5,632,642,496,24,222,72,55,1
442,0,71,0,653,443,370,26,820,89,72,1
443,1,77,63,231,942,558,295,753,51,86,1
444,1,46,1,596,466,524,137,624,75,59,1
445,1,20,4,314,345,732,618,905,62,20,1
446,1,6,34,987,44,318,74,299,16,95,0
447,1,49,0,722,597,465,233,526,52,16,1
448,1,49,0,347,514,286,76,724,4,66,1
449,1,16,6,897,658,858,38,522,95,35,1
450,1,11,2,975,544,512,109,661,54,89,1
451,1,6,7,58,868,487,474,485,28,61,0
452,0,87,0,918,284,662,16,429,98,30,1
453,1,42,0,381,84,555,161,637,53,93,1
454,1,69,5,657,534,324,894,791,37,50,1
455,1,36,0,331,361,611,17,574,70,32,1
456,0,14,0,790,937,773,4,518,69,51,1
457,1,28,0,810,6,649,98,227,58,3,1
458,1,36,4,945,906,291,61,584,49,43,1
459,1,3,1,673,365,226,59,346,12,34,0
460,1,9,26,166,444,881,2330,243,52,47,1
461,1,88,9,18,677,939,433,272,37,51,1
462,1,10,4,363,188,534,1269,746,82,58,1
463,1,40,4,108,806,873,76,864,40,18,1
464,0,73,0,662,648,327,14,937,95,61,1
465,1,53,0,951,902,571,60,679,61,19,1
466,0,30,0,712,306,66,22,552,88,71,1
467,0,15,0,271,434,605,595,113,52,57,1
468,1,60,1,980,154,639,9,973,78,24,1
469,0,89,0,335,783,264,1,46,45,8,1
470,0,56,0,591,922,414,1,451,97,23,1
471,1,100,28,426,1000,767,1990,710,13,13,1
472,0,26,0,816,165,880,7,26,80,91,1
473,0,38,1,179,949,686,32,551,11,44,1
474,0,57,0,698,448,946,76,288,35,49,1
475,0,60,2,707,936,149,15,302,48,93,1
476,1,20,2,756,382,336,792,441,1,6,0
477,0,26,9,402,655,806,98,523,75,97,1
478,0,56,1,929,726,271,23,802,39,24,1
479,0,35,8,710,465,701,17,368,18,100,1
480,0,68,0,620,451,277,1,209,47,3,1
481,0,24,0,291,399,627,48,50,44,49,0
482,0,82,0,80,85,336,638,155,28,50,1
483,0,23,0,617,820,779,747,957,97,67,1
484,0,1,0,384,248,239,82,797,37,10,0
485,0,91,0,500,383,491,24,892,22,8,1
486,0,36,0,385,143,902,6,412,28,25,1
487,0,19,2,911,225,87,22,358,61,52,1
488,0,66,2,73,792,21,83,542,29,87,1
489,0,28,0,812,154,158,0,794,58,54,1
490,0,90,0,421,664,637,5,987,32,62,1
491,0,51,0,994,120,937,403,975,61,66,1
492,1,83,0,295,335,556,26,359,52,11,1
493,0,90,0,135,59,856,0,223,7,1,1
494,1,69,0,803,503,523,26,425,11,68,1
495,0,20,0,780,720,67,11,662,45,77,0
496,0,81,0,50,153,305,46,997,35,43,1
497,0,52,0,391,407,898,0,200,4,23,1
498,0,88,0,892,406,318,20,258,35,72,1
499,0,99,0,865,80,110,0,598,51,28,1
500,0,31,0,501,684,120,11,201,58,84,1
501,0,39,0,252,493,964,30,512,28,87,1
502,1,54,1,453,474,982,56,726,71,100,1
503,0,69,0,231,925,713,22,718,56,28,1
504,0,10,0,251,978,755,1,232,11,51,0
505,0,9,1,718,463,334,27,954,26,85,0
506,0,39,4,426,600,928,20,138,39,35,1
507,0,86,0,42,816,707,49,863,25,3,1
508,0,28,5,72,797,290,1029,466,24,5,0
509,1,59,10,765,140,517,1417,929,21,58,1
510,0,24,1,397,326,177,39,842,69,13,1
511,1,68,2,393,594,102,2426,147,27,42,1
512,0,15,0,790,901,859,828,518,4,42,0
513,0,92,0,558,773,951,26,49,99,45,1
514,0,75,0,351,316,218,2,435,92,13,1
515,0,26,2,996,974,959,12,464,87,10,1
516,0,78,0,696,19,231,4,685,98,46,1
517,0,50,0,998,42,274,0,744,93,1,1
518,1,29,21,541,61,182,2176,966,9,69,0
519,0,90,0,892,899,445,4,564,27,63,1
520,0,40,0,884,921,257,0,77,60,51,1
521,0,5,0,408,155,7,58,426,24,25,0
522,0,48,0,500,813,20,45,700,33,69,1
523,0,2,0,991,269,164,240,112,54,32,1
524,0,97,0,233,818,970,9,373,28,42,1
525,0,73,0,710,113,506,1,490,31,3,1
526,1,50,0,255,594,919,26,881,71,44,1
527,0,45,0,304,901,265,289,892,9,58,1
528,0,55,5,603,410,871,66,115,1,93,1
529,0,60,0,382,72,709,23,575,79,52,1
530,0,37,0,527,387,925,153,742,56,19,1
531,0,17,0,305,980,972,1155,660,44,96,0
532,0,7,0,513,876,436,825,546,70,32,1
533,0,66,1,862,757,185,36,590,83,87,1
534,0,9,37,723,460,590,1528,191,86,53,1
535,1,3,8,715,682,882,1543,666,68,43,1
536,1,30,4,28,716,290,3715,431,53,40,1
537,0,1,0,514,43,224,2,248,34,76,0
538,0,99,28,975,848,979,812,131,63,92,1
539,0,17,0,354,297,380,2663,890,25,65,0
540,0,91,0,856,241,482,16,426,3,41,1
541,0,47,6,897,207,819,423,35,97,59,1
542,0,89,12,977,601,108,477,93,52,66,1
543,0,18,0,704,180,388,38,945,34,53,0
544,0,70,0,251,50,143,28,401,83,96,1
545,0,40,0,554,898,113,51,259,5,2,1
546,0,42,0,21,212,830,88,167,25,55,1
547,0,100,2,866,648,72,408,521,96,32,1
548,0,49,2,955,186,366,112,610,13,71,1
549,0,41,0,833,164,800,7272,758,82,30,1
550,0,10,0,754,456,845,95,308,30,89,0
551,1,30,2,18,314,539,55,463,1,57,0
552,0,53,2,592,172,355,19,406,57,100,1
553,0,82,0,641,996,14,1333,136,89,44,1
554,0,78,0,392,822,589,542,212,92,57,1
555,1,77,12,977,552,481,162,795,44,21,1
556,1,70,1,661,515,643,52,17,30,50,1
557,0,38,0,827,211,419,27,211,35,7,1
558,1,26,0,864,231,669,434,144,79,87,1
559,1,57,1,32,564,268,2,179,53,24,1
560,1,82,12,14,287,958,108,829,4,30,1
561,1,49,59,305,378,77,215,586,38,64,1
562,0,69,0,356,690,290,130,592,3,93,1
563,0,11,0,857,564,147,347,376,97,73,1
564,1,14,23,265,907,579,139,430,84,73,1
565,1,23,3,183,866,419,37,306,62,11,1
566,1,20,11,125,480,288,242,969,33,46,0
567,1,8,8,342,164,370,860,808,64,37,1
568,1,91,102,611,633,169,229,560,74,90,1
569,1,60,6,232,542,306,161,440,82,95,1
570,1,79,25,31,871,406,698,373,4,92,1
571,1,45,0,869,161,965,64,307,65,13,1
572,1,95,33,288,550,811,596,720,90,21,1
573,1,73,44,597,563,683,75,231,69,28,1
574,1,8,4,770,195,813,339,734,33,33,0
575,1,11,0,542,771,897,73,900,4,96,0
576,1,17,2,969,958,749,487,319,68,89,1
577,1,94,35,36,991,202,604,3,47,4,1
578,1,98,3,298,349,222,6,87,36,34,1
579,1,68,319,940,130,54,668,673,54,56,1
580,1,90,273,365,86,675,7369,466,84,68,1
581,1,44,6,438,43,422,356,489,66,34,1
582,1,37,6,523,65,243,424,35,32,11,1
583,1,1,9,699,687,39,254,814,79,84,1
584,1,57,19,923,233,388,521,578,99,35,1
585,1,27,17,209,813,308,143,843,85,9,1
586,1,69,9,365,855,434,358,396,78,23,1
587,1,100,53,859,465,476,492,618,90,95,1
588,1,12,97,642,677,964,436,890,51,32,1
589,1,93,17,540,50,435,437,66,72,72,1
590,1,62,8,585,958,954,622,60,49,91,1
591,1,45,60,374,247,927,141,270,15,81,1
592,1,94,51,83,426,834,337,444,19,57,1
593,1,69,25,388,3,400,499,579,13,56,1
594,1,40,188,797,52,215,605,122,12,22,1
595,1,32,590,287,953,859,199,113,31,100,1
596,1,10,251,135,556,672,694,486,25,74,0
597,1,49,0,156,227,243,276,715,25,5,1
598,1,69,58,837,760,670,862,5,27,87,1
599,1,39,46,851,446,491,367,379,54,85,1
600,1,4,19,292,834,673,157,467,45,5,0
601,1,13,250,50,802,34,545,649,78,8,1
602,1,69,28,166,455,422,138,127,95,72,1
603,1,67,1065,945,486,986,1395,901,72,83,1
604,1,25,209,857,606,286,490,124,70,86,1
605,1,74,5,226,410,342,347,753,93,27,1
606,1,31,1879,956,310,948,5514,311,65,31,1
607,1,76,9,769,358,578,552,600,77,88,1
608,1,60,253,594,441,829,573,982,7,27,1
609,1,45,90,241,697,984,963,937,52,37,1
610,1,67,8,747,867,780,449,989,66,39,1
611,1,85,12,331,901,738,562,804,20,45,1
612,1,1,13,289,606,194,346,84,28,93,0
613,1,21,59,256,222,586,151,997,62,35,1
614,1,79,77,802,141,434,148,263,62,7,1
615,1,70,14,819,364,499,151,890,64,75,1
616,1,4,330,245,749,501,3504,42,64,34,1
617,1,52,2,974,125,971,185,411,59,31,1
618,1,100,932,178,555,193,293,500,97,17,1
619,1,73,6,425,244,803,549,146,59,87,1
620,1,84,463,546,818,587,466,616,89,6,1
621,1,24,62,640,932,483,993,95,17,100,0
622,1,60,247,952,904,311,1111,29,95,65,1
623,1,98,85,769,499,714,605,871,95,80,1
624,1,46,0,362,293,197,40,844,42,17,1
625,1,9,118,115,685,382,1055,315,84,42,1
626,1,30,307,499,546,602,482,228,40,41,0
627,1,41,9,875,383,30,47,575,60,63,1
628,1,19,25,33,992,855,274,410,27,2,0
629,1,42,42,438,561,680,223,619,28,6,1
630,1,37,14,591,339,732,363,771,90,38,1
631,1,64,78,165,76,817,568,795,70,6,1
632,1,81,465,538,382,963,535,187,27,2,1
633,1,10,65,173,669,533,577,66,84,88,1
634,1,93,9,182,355,751,276,958,55,75,1
635,1,18,145,3,475,604,474,954,46,77,0
636,1,87,1,401,990,687,505,374,57,37,1
637,0,15,0,745,542,321,2,300,84,73,1
638,1,20,0,766,181,634,64,738,65,20,1
639,0,17,0,380,411,961,30,187,19,61,0
640,0,20,0,341,890,729,694,904,93,94,1
641,0,14,0,695,883,60,82,153,73,26,1
642,0,7,0,18,898,255,124,438,29,44,0
643,0,69,0,224,296,731,25,244,27,64,1
644,0,6,0,883,516,584,694,485,42,75,0
645,0,81,0,669,904,675,33,472,7,44,1
646,0,73,1,900,152,690,34,690,29,88,1
647,0,4,0,181,215,781,38,297,26,78,0
648,0,59,0,888,334,996,2,213,18,10,1
649,0,63,0,159,736,326,18,700,85,6,1
650,0,56,0,673,153,745,1,135,50,7,1
651,0,87,0,710,201,824,15,230,98,62,1
652,0,45,1,270,745,200,2,754,90,20,1
653,0,73,0,88,65,940,22,163,78,75,1
654,0,10,0,953,672,303,353,306,8,51,0
655,1,40,2,620,865,19,24,743,30,47,1
656,0,100,0,682,119,1000,18,522,90,66,1
657,1,99,3,610,67,580,22,85,66,52,1
658,1,72,8,687,738,220,2287,97,67,38,1
659,1,25,3,770,950,385,6153,951,55,65,1
660,1,53,0,172,235,612,64,36,39,31,1
661,0,4,0,361,269,984,31,562,88,49,1
662,1,80,34,758,838,559,250,339,54,95,1
663,1,27,4,235,453,616,6172,902,74,27,1
664,0,11,0,482,683,758,2129,959,40,67,0
665,1,79,1,271,115,433,324,820,94,49,1
666,0,75,1,41,418,716,33,199,60,52,1
667,1,78,1,910,289,747,126,502,43,47,1
668,1,38,0,784,615,608,350,256,42,89,1
669,0,33,0,981,275,474,764,168,81,42,1
670,1,41,15,709,922,17,3239,287,12,15,1
671,1,21,4,688,561,25,920,707,52,18,1
672,1,28,70,833,573,236,105,275,80,92,1
673,0,64,2,771,411,779,58,38,49,30,1
674,1,100,81,829,834,871,55,565,23,5,1
675,0,10,0,575,619,886,175,983,92,97,1
676,1,77,5,271,531,204,202,42,99,43,1
677,1,93,21,786,101,489,636,948,90,68,1
678,1,20,3,908,664,473,72,530,21,17,0
679,0,45,2,356,866,248,7453,63,54,19,1
680,1,37,16,407,124,885,162,320,99,85,1
681,1,58,3,411,4,411,829,513,84,27,1
682,1,52,23,472,73,635,776,850,74,11,1
683,1,71,6,106,298,483,942,697,16,95,1
684,0,54,4,586,10,381,1445,645,35,67,1
685,0,82,0,10,406,611,4239,583,94,60,1
686,1,74,60,558,881,751,1381,574,41,56,1
687,1,44,1,669,350,839,669,332,4,76,1
688,1,5,0,166,824,497,235,391,41,57,0
689,0,14,0,505,81,834,7,889,1,71,0
690,1,87,2,253,783,661,270,282,85,40,1
691,1,24,8,981,96,958,76,554,56,97,1
692,1,68,13,907,511,631,811,299,72,91,1
693,1,28,4,245,867,68,164,53,78,14,1
694,1,23,3,348,777,115,3572,712,60,38,1
695,0,4,1,886,861,567,1695,177,12,8,0
696,1,24,3,85,854,821,68,228,58,78,1
697,1,8,62,515,104,456,955,119,91,75,1
698,1,64,0,313,154,555,533,258,10,20,1
699,1,78,15,31,799,52,98,384,11,39,1
700,1,94,53,110,99,333,651,759,79,70,1
701,1,24,2,80,968,744,126,669,64,88,1
702,1,84,52,462,598,56,150,703,61,36,1
703,1,69,1,797,74,286,177,813,11,43,1
704,1,40,62,73,10,935,76,645,53,36,1
705,1,86,247,142,87,292,2713,825,40,63,1
706,1,77,9,194,485,193,813,603,92,60,1
707,1,37,13,497,103,923,1173,923,9,34,1
708,1,92,204,53,887,808,365,959,1,38,1
709,1,24,0,971,960,460,583,565,36,99,0
710,1,30,51,782,915,104,248,259,89,100,1
711,1,68,15,913,700,186,2701,89,72,2,1
712,1,92,108,702,355,8,900,414,84,33,1
713,1,19,353,506,43,31,289,344,49,60,0
714,1,22,5,457,66,438,694,394,36,34,0
715,1,34,560,414,693,512,1878,551,62,86,1
716,1,56,85,947,532,507,776,481,12,16,1
717,1,100,95,349,12,384,999,170,44,37,1
718,1,66,14,606,65,498,416,139,90,50,1
719,1,6,52,363,836,97,470,589,78,53,1
720,1,19,7,329,486,18,956,608,12,27,0
721,1,17,197,956,721,379,61,892,22,25,0
722,1,40,89,991,43,360,179,781,76,88,1
723,1,7,34,801,253,158,665,75,71,29,1
724,1,99,283,569,885,768,176,537,72,73,1
725,1,45,65,305,188,114,130,278,15,10,1
726,1,52,126,961,436,923,174,636,50,58,1
727,1,52,327,456,435,409,1517,818,72,16,1
728,1,58,42,697,755,474,952,432,66,75,1
729,1,98,36,437,733,690,170,604,94,67,1
730,1,85,3,718,956,674,967,818,46,40,1
731,1,80,53,685,857,981,674,731,90,12,1
732,1,3,7,634,912,893,2703,5,84,86,1
733,1,5,103,981,533,65,328,402,39,3,0
734,1,48,241,964,824,579,680,610,79,39,1
735,1,91,103,472,118,181,112,540,24,15,1
736,1,90,93,551,659,35,98,281,61,30,1
737,1,32,1,611,491,209,11,861,84,79,1
738,1,90,16,473,89,369,583,29,94,56,1
739,1,35,32,200,457,666,1359,642,25,95,1
740,1,92,1232,495,930,470,16,602,11,98,1
741,1,76,75,808,440,636,8,781,35,57,1
742,1,66,5,111,791,318,0,691,60,22,1
743,1,47,3,363,761,300,183,652,55,77,1
744,1,44,30,850,327,675,208,933,70,24,1
745,1,4,0,673,867,702,546,507,26,51,0
746,1,53,0,618,265,937,666,138,19,4,1
747,1,44,2,568,625,869,461,677,38,48,1
748,1,24,3,109,544,358,1109,946,85,76,1
749,1,62,13,885,425,949,432,340,60,27,1
750,1,94,0,7,656,759,761,245,42,13,1
751,1,31,1,280,813,56,376,229,94,16,1
752,1,95,0,213,445,925,261,444,50,72,1
753,1,7,10,111,530,17,643,176,14,14,0
754,1,69,0,608,82,45,283,975,7,48,1
755,1,63,0,519,343,456,598,856,78,42,1
756,1,45,0,776,5,432,228,983,96,11,1
757,1,45,0,683,851,816,97,797,20,83,1
758,1,38,0,436,517,724,447,956,43,70,1
759,1,75,0,23,45,469,100,105,70,22,1
760,1,7,0,623,473,501,151,409,63,25,1
761,1,35,5,900,388,512,528,935,63,12,1
762,1,34,0,739,809,280,1882,584,75,42,1
763,1,81,0,660,147,708,266,50,13,86,1
764,1,48,0,590,937,649,744,457,78,80,1
765,1,77,0,394,546,4,1255,260,27,17,1
766,1,26,141,522,79,138,639,618,98,43,1
767,1,91,6,205,632,742,452,263,74,21,1
768,1,32,1,678,612,840,568,486,27,87,1
769,1,29,0,650,501,557,163,455,3,56,0
770,1,30,1,994,5,857,362,465,4,41,0
771,1,22,39,156,100,48,324,567,38,23,0
772,1,4,0,300,795,390,37,590,19,68,0
773,1,17,9,925,645,610,998,612,6,33,0
774,1,29,0,771,417,645,245,755,38,32,0
775,1,11,21,433,636,183,288,828,100,77,1
776,1,18,0,37,466,225,675,337,74,77,1
777,1,57,0,55,715,674,256,894,57,7,1
778,1,59,0,356,485,964,395,836,59,72,1
779,1,25,3,32,211,441,360,932,84,66,1
780,1,38,0,961,638,586,629,794,54,57,1
781,1,50,0,627,299,802,526,594,18,87,1
782,1,16,0,349,435,970,489,826,2,47,0
783,1,25,0,401,166,184,1440,399,98,43,1
784,1,37,0,660,909,259,899,351,14,12,1
785,1,64,6,266,702,85,1713,81,30,22,1
786,1,16,0,836,141,61,899,434,84,43,1
787,1,93,0,516,210,536,1410,546,17,54,1
788,1,35,1,339,652,324,1925,828,1,82,1
789,1,53,4,161,33,778,748,801,81,56,1
790,1,66,0,161,412,882,469,34,7,73,1
791,1,6,0,320,49,688,1074,79,27,71,0
792,1,40,0,447,271,465,935,188,91,85,1
793,1,8,0,427,767,962,599,167,65,71,1
794,1,99,0,949,943,560,418,164,45,58,1
795,1,71,17,349,838,153,999,467,41,81,1
796,1,70,0,781,321,889,438,335,69,30,1
797,1,67,1,413,711,594,413,835,43,43,1
798,1,40,0,43,580,899,55,556,80,27,1
799,1,16,7,519,750,910,222,629,46,58,0
800,1,25,13,231,194,808,20,13,88,51,1
801,1,38,0,421,10,741,173,179,52,11,1
802,1,45,0,374,501,601,591,874,63,99,1
803,1,96,0,764,212,459,638,697,19,55,1
804,1,29,5,419,76,893,589,66,72,86,1
805,1,66,124,982,347,134,390,74,22,7,1
806,1,100,9,896,699,976,75,747,25,66,1
807,1,64,5,437,578,354,1155,672,7,32,1
808,1,19,2,149,922,278,1854,591,64,62,1
809,1,81,0,979,882,796,208,227,83,54,1
810,1,41,150,87,255,242,164,811,13,61,1
811,1,90,29,367,659,83,333,724,96,9,1
812,1,68,108,294,290,359,4659,281,81,16,1
813,1,54,77,553,961,940,1093,583,27,87,1
814,1,4,3,14,210,177,413,295,35,52,0
815,1,41,7,271,541,926,2047,511,12,85,1
816,1,22,3,711,867,641,438,780,98,69,1
817,1,74,131,299,859,219,132,162,36,56,1
818,1,64,40,88,602,589,413,873,27,83,1
819,1,82,4,381,522,538,689,421,67,7,1
820,1,69,84,247,936,3,164,742,68,34,1
821,1,6,299,154,45,150,178,892,1,80,0
822,1,15,11,148,573,895,1142,233,26,55,0
823,1,15,0,325,796,923,209,527,83,28,1
824,1,46,0,865,799,791,424,303,33,32,1
825,1,79,1,576,937,220,80,523,21,16,1
826,1,19,4,483,34,256,719,367,66,52,1
827,1,73,0,620,555,987,7500,78,78,29,1
828,1,67,0,203,237,851,703,180,20,12,1
829,1,95,0,545,710,328,3296,513,87,74,1
830,1,29,3,781,51,494,270,441,4,100,0
831,1,86,0,878,489,898,65,871,66,21,1
832,1,81,0,812,279,358,610,114,11,67,1
833,1,94,0,424,480,513,7202,308,2,26,1
834,1,93,0,923,645,436,1039,520,93,6,1
835,1,69,0,209,723,905,524,493,20,31,1
836,1,41,1,347,775,720,138,86,71,57,1
837,1,96,7,628,845,553,806,467,26,41,1
838,1,13,3,530,219,861,503,566,39,72,0
839,1,70,0,768,704,59,1208,79,64,14,1
840,1,63,0,852,796,725,802,413,84,22,1
841,1,9,5,412,279,572,111,944,56,82,1
842,1,79,0,679,177,48,475,147,8,7,1
843,1,27,1,816,186,921,1061,724,56,6,1
844,1,26,0,532,514,198,305,132,99,17,1
845,1,23,12,409,212,828,375,871,69,11,1
846,1,24,0,452,870,341,72,194,14,71,0
847,1,28,0,973,679,381,371,938,26,93,0
848,1,90,0,462,151,107,633,609,45,94,1
849,1,15,1,567,847,676,1016,853,98,49,1
850,1,63,92,314,227,675,1065,560,87,45,1
851,1,63,0,651,605,768,7399,802,61,72,1
852,1,79,0,309,94,982,1216,115,20,34,1
853,1,63,0,785,14,248,2928,517,31,35,1
854,1,34,0,999,669,583,635,250,65,32,1
855,1,18,21,992,722,497,417,968,2,50,0
856,1,1,7,699,818,787,101,325,27,91,0
857,1,50,9,76,694,558,383,135,91,66,1
858,1,26,0,321,75,718,489,88,74,18,1
859,1,39,14,713,868,323,96,195,4,96,1
860,1,18,0,407,627,116,535,328,43,87,0
861,1,67,0,64,780,197,399,680,49,84,1
862,1,28,3,960,326,579,3,230,29,50,0
863,1,53,0,321,555,946,446,231,33,92,1
864,1,47,0,803,107,946,387,638,31,99,1
865,1,84,1,269,669,485,1196,301,99,44,1
866,1,77,1,899,432,42,1364,69,34,80,1
867,1,69,0,358,362,229,232,415,27,54,1
868,1,39,1,613,604,762,261,566,65,94,1
869,1,79,0,697,620,545,1159,919,26,8,1
870,1,71,1,595,920,653,4664,862,44,1,1
871,0,51,28,599,808,232,1060,981,83,94,1
872,1,3,0,467,162,115,3932,418,96,17,1
873,1,22,25,553,383,41,280,503,27,38,0
874,1,52,0,512,143,429,529,129,35,25,1
875,1,24,0,293,443,105,455,902,16,32,0
876,1,50,111,553,794,976,407,377,13,1,1
877,1,40,2,835,105,704,278,914,34,6,1
878,1,54,0,237,986,598,127,830,5,38,1
879,1,46,0,113,126,488,111,666,34,20,1
880,1,81,0,880,403,485,456,690,70,33,1
881,1,69,0,445,122,222,363,485,18,26,1
882,1,36,0,279,296,542,360,886,21,22,1
883,1,23,5,35,147,435,311,769,28,57,0
884,1,1,10,379,716,398,364,140,82,26,1
885,1,24,3,143,348,473,176,867,1,71,0
886,1,95,19,507,538,116,172,719,28,9,1
887,1,26,0,312,536,505,149,122,3,97,0
888,1,23,0,496,615,393,76,370,51,46,1
889,1,57,8,461,146,969,1223,132,71,38,1
890,1,10,2,163,86,883,529,561,54,80,1
891,1,20,10,743,185,990,905,99,45,41,0
892,1,43,29,883,898,55,523,15,73,46,1
893,1,75,0,760,649,502,652,979,12,23,1
894,1,74,0,638,701,695,652,247,8,47,1
895,1,72,2,592,690,331,238,485,30,52,1
896,1,94,3,469,354,992,502,538,38,5,1
897,1,93,5,92,979,390,754,861,79,90,1
898,1,83,0,862,314,397,373,948,92,85,1
899,1,97,63,760,225,754,351,203,91,12,1
900,1,99,1,636,295,919,133,359,87,24,1
901,1,69,4,808,914,93,32,315,81,2,1
902,1,60,34,419,38,295,1371,780,66,86,1
903,1,87,0,305,340,197,996,136,63,37,1
904,1,93,0,45,379,125,544,766,70,82,1
905,1,23,6,638,412,137,517,250,97,34,1
906,1,44,2,292,409,628,396,63,68,81,1
907,1,31,7,110,372,241,292,969,46,41,1
908,1,39,0,504,45,263,463,719,36,38,1
909,1,9,0,36,852,416,345,150,71,94,1
910,1,75,5,431,548,547,584,479,23,49,1
911,1,70,62,211,971,718,1000,783,23,14,1
912,1,41,0,731,594,416,67,672,92,2,1
913,1,71,15,424,74,219,157,791,76,43,1
914,1,72,53,287,136,396,716,458,73,57,1
915,1,41,2,821,568,413,272,957,46,92,1
916,1,1,52,322,613,451,414,331,34,78,0
917,1,85,1,444,65,453,292,374,71,89,1
918,1,46,62,432,167,548,164,437,24,95,1
919,1,51,247,535,162,281,748,954,1,39,1
920,1,74,9,344,380,813,335,62,84,71,1
921,1,73,13,584,385,630,177,189,65,62,1
922,1,39,204,491,643,399,331,872,45,94,1
923,1,51,0,788,432,319,124,733,65,86,1
924,1,53,51,936,262,641,271,373,42,75,1
925,1,66,15,358,740,280,268,239,95,46,1
926,1,19,108,352,960,3,582,560,100,32,1
927,1,61,353,869,188,9,333,470,69,99,1
928,1,60,5,120,358,648,701,602,29,92,1
929,1,42,560,869,736,103,237,177,96,96,1
930,1,47,85,588,914,356,3678,321,40,54,1
931,1,63,95,583,867,84,321,896,66,42,1
932,1,17,14,807,276,979,1486,445,28,18,0
933,1,32,52,492,159,861,917,291,18,46,1
934,1,2,7,930,801,918,178,735,72,55,1
935,1,21,197,852,600,234,673,856,2,66,0
936,1,3,89,921,419,221,121,705,56,21,1
937,1,97,34,854,838,68,653,56,90,55,1
938,1,93,283,838,120,604,50,208,80,32,1
939,1,15,65,375,880,682,107,222,24,13,0
940,1,53,126,664,810,406,395,210,4,4,1
941,1,71,327,856,235,935,13,177,67,38,1
942,1,57,42,704,171,666,3164,55,88,29,1
943,1,79,36,631,681,974,15,924,39,38,1
944,1,82,3,376,821,314,569,700,99,84,1
945,1,28,53,662,844,745,137,495,80,67,1
946,1,94,7,580,890,899,488,123,99,47,1
947,1,84,103,625,802,671,372,45,71,73,1
948,1,75,241,952,286,139,61,865,99,37,1
949,1,99,103,643,200,258,77,801,40,64,1
950,1,97,93,667,526,431,430,468,38,12,1
951,1,6,1,765,139,477,333,820,34,56,0
952,1,15,16,754,305,377,545,666,37,51,0
953,1,60,32,828,357,380,2187,624,1,17,1
954,1,5,1232,810,468,651,87,537,56,64,1
955,1,11,75,449,788,823,53,123,39,26,0
956,1,21,5,753,518,67,609,200,37,56,0
957,1,79,3,264,403,266,555,814,83,91,1
958,1,65,30,84,293,729,387,558,83,22,1
959,1,69,0,344,856,742,555,155,47,18,1
960,1,57,0,289,419,5,345,283,49,4,1
961,1,50,2,340,866,699,1072,523,40,12,1
962,1,70,3,394,951,456,618,64,96,75,1
963,1,92,13,846,396,652,300,333,85,89,1
964,1,37,0,887,246,647,426,687,94,12,1
965,1,57,1,212,227,268,1631,652,31,19,1
966,1,40,0,764,118,128,370,551,99,17,1
967,1,14,10,66,500,633,1002,846,95,21,1
968,1,71,0,915,42,995,488,667,57,84,1
969,1,55,0,835,113,995,52,218,8,79,1
970,1,92,0,198,704,462,119,13,61,81,1
971,1,27,0,14,920,913,462,929,25,72,0
972,1,57,0,177,540,281,346,428,23,38,1
973,1,4,0,81,935,657,7500,481,2,98,0
974,1,43,0,92,72,246,1200,212,14,46,1
975,1,1,5,915,703,657,264,429,83,8,1
976,1,6,0,186,886,716,694,651,68,87,1
977,1,11,0,825,583,568,34,566,86,96,1
978,0,39,0,361,786,574,323,367,57,47,1
979,1,6,0,341,107,620,81,342,28,29,0
980,1,68,141,897,756,569,1213,233,15,1,1
981,1,68,6,699,937,598,294,309,85,64,1
982,1,1,1,137,841,919,408,380,44,75,0
983,1,49,0,508,578,285,22,281,48,13,1
984,1,86,1,593,936,893,114,892,70,27,1
985,0,45,39,822,723,178,333,195,79,46,1
986,0,90,0,986,567,678,31,459,59,23,1
987,0,19,9,79,912,970,445,51,49,12,0
988,1,21,0,461,75,370,80,543,60,9,1
989,1,69,21,747,982,507,309,173,71,88,1
990,0,6,0,326,155,229,64,120,85,9,1
991,0,81,0,696,489,974,11,526,62,13,1
992,0,100,0,892,934,54,853,550,72,5,1
993,1,36,3,799,276,692,23,284,47,75,1
994,0,20,0,420,640,436,5,59,31,27,0
995,0,4,0,733,511,199,18,818,2,1,0
996,0,79,0,966,886,135,34,881,87,85,1
997,0,69,0,47,344,944,8,216,3,44,1
998,0,16,0,556,104,896,0,958,49,97,0
999,0,8,6,169,944,95,213,874,6,26,0
1000,0,28,0,419,207,211,10,164,93,99,1
